MLS,Street Address,City,Zip,Bedroom,Bathroom,Sq Footage,Price
1000,1107 Arcu Street,Innisfail,16056,7,2,3808,1211081
1001,1200 Curae Av.,Tacoma,30947,6,3,1712,2257853
1002,132-8547 Nunc. St.,Harrogate,90119,5,4,2026,1205559
1003,1517 Tellus. Road,Vannes,90753,2,2,2642,70839
1004,1649 Arcu. St.,Sant'Urbano,49238,6,5,3161,638000
1005,1686 Per Avenue,Kitscoty,24064,2,3,4953,492191
1007,2303 Ut St.,San Donato di Ninea,54801,7,5,2957,2453268
1008,268-8875 Orci Street,Renca,86311,4,2,1944,65051
1009,271-9571 Consequat St.,KarapÄ±nar,38558,2,2,1189,459718
1010,2821 Nunc Av.,Konstanz,14714,4,1,959,959694
1011,324-4108 Ac Avenue,Uluberia,59383,6,4,2075,1697358
1012,3342 Et Rd.,Hampstead,54589,6,4,4669,908031
1013,3550 Dolor Avenue,Barddhaman,80131,7,4,1198,1109795
1015,385-4948 Lacus. Rd.,Grandrieu,86972,3,1,2761,1768903
1016,4011 Urna St.,Warburg,58060,4,4,4863,312782
1017,434-2355 Phasellus Street,Vucht,65634,6,5,1827,1792597
1018,4511 Magna St.,Melrose,21507,2,4,3258,2199467
1019,467 Pellentesque St.,Newtown,78135,6,5,2061,2811746
1020,4680 Tortor Rd.,Lexington,11973,2,2,3175,863726
1021,5389 Et St.,Valleyview,89813,7,3,3898,755786
1022,552-9919 Sociis Rd.,Bonnyville,99824,3,4,2392,769824
1024,593-7545 Accumsan St.,White Rock,19982,4,5,1248,563654
1025,6069 Ac St.,Carleton,69038,6,1,1647,786749
1026,6196 Porttitor Av.,Tailles,81407,4,3,1252,536006
1027,6426 Tempus Street,Sint-Genesius-Rode,85656,3,3,3858,1372262
1028,6511 Enim St.,Colchester,19144,6,4,2522,1160980
1029,670-9316 Purus Rd.,Daussoulx,91009,2,1,4734,1198622
1030,6756 Molestie. Road,Gols,76726,7,5,4823,2919427
1031,677-4991 Bibendum St.,Casacalenda,98434,2,2,2554,504013
1032,6817 Morbi Rd.,Tacoma,26120,4,1,3946,2719044
1033,714-2923 Porttitor Rd.,Wazirabad,73796,4,1,1067,1029675
1034,7339 Magna Av.,Porbandar,90257,2,1,2000,2046667
1037,7515 Semper St.,Momignies,48871,2,1,3589,1272325
1038,768-5994 Orci. St.,Siegendorf,34679,2,1,1486,1975887
1039,7734 Non Street,Smithers,16220,4,4,4825,353180
1040,7911 Et Road,Whitchurch,55538,5,4,3796,1453861
1041,802-2986 Elit. Rd.,Falerone,78026,5,4,3528,243788
1042,8155 Tempus Av.,Collipulli,81665,4,3,4676,76962
1043,8167 Arcu. St.,Troon,52795,2,1,4814,253266
1044,8422 Lectus St.,Tacoma,27199,7,4,2677,690720
1045,896-7760 Suspendisse Street,Tollembeek,82590,2,5,4691,1146381
1046,9042 Ornare St.,Tacoma,31475,5,2,4122,1836936
1047,9191 Semper Rd.,Tacoma,39693,5,4,1409,1899985
1048,922-3614 Sem Ave,Limelette,80515,7,4,921,386379
1049,965-7229 Tincidunt Ave,North Battleford,84081,2,4,1439,642554
